{
  "Healthy": {
    "precision": 0.9547445255474453,
    "recall": 0.9215594175669328,
    "f1-score": 0.9378585086042065,
    "support": 2129.0
  },
  "Stressed": {
    "precision": 0.8319919517102615,
    "recall": 0.8989130434782608,
    "f1-score": 0.864158829676071,
    "support": 920.0
  },
  "accuracy": 0.9147261397179403,
  "macro avg": {
    "precision": 0.8933682386288534,
    "recall": 0.9102362305225968,
    "f1-score": 0.9010086691401388,
    "support": 3049.0
  },
  "weighted avg": {
    "precision": 0.9177053756851267,
    "recall": 0.9147261397179403,
    "f1-score": 0.9156204946278585,
    "support": 3049.0
  }
}