feature,importance
NDWI_drop,0.37925605724327416
h_NDWI_drop,0.2673759640013864
NDVI_drop,0.1668792939228941
h_NDVI_drop,0.10921537187921951
NDWI_peak,0.03368148689508586
NDVI_peak,0.009600701294953662
h_NDVI_AUC_cur,0.006068219331853885
NDVI_AUC,0.00541356392819116
GNDVI_AUC,0.004618907912731074
GNDVI_drop,0.004245728647252302
SAVI_AUC,0.003874973269836285
h_AUC_z,0.0031545489710259537
NDVI_slopeEarly,0.002434302734916133
MSAVI2_AUC,0.002326751967750847
NDWI_AUC,0.0018541279996286165
